,comment_count,view_count,like_count,title,description,channel,tags,categories,duration
1,12,19400,363,Funny Vines July 2024 (Part 1) TBT Clean Vine,New TBT Vine Videos with the Best Clean Vines of June,CooL Vines,Funny Vines Vine Vines best vines new vines july vines tbt vines clean vines vines july 2024 vines 2024,Entertainment,1144
2,94,377724,5263,Funny Vines July 2022 (Part 2) TBT Clean Vine,"New TBT Vine with the Best Clean Vines of July

Subscribe to CooL Vines ► http://goo.gl/AO95W6",CooL Vines,Funny Vines Vine Vines best vines new vines July vines tbt vines clean vines vines July 2022,Entertainment,1265
3,80,242371,4564,Funny Vines April 2022 (Part 1) TBT Clean Vine,"New TBT Vine with the Best Clean Vines of April

Subscribe to CooL Vines ► http://goo.gl/AO95W6",CooL Vines,Funny Vines Vine Vines best vines new vines April vines tbt vines clean vines vines April 2022,Entertainment,1165
4,37,163481,2738,Funny Vines March 2022 (Part 1) TBT Clean Vine,"New TBT Vine with the Best Clean Vines of March

Subscribe to CooL Vines ► http://goo.gl/AO95W6",CooL Vines,Funny Vines Vine Vines best vines new vines March vines tbt vines clean vines vines March 2022,Entertainment,1261
5,77,212974,3639,Funny Vines March 2022 (Part 2) TBT Clean Vine,"New TBT Vine with the Best Clean Vines of March

Subscribe to CooL Vines ► http://goo.gl/AO95W6",CooL Vines,Funny Vines Vine Vines best vines new vines March vines tbt vines clean vines vines March 2022,Entertainment,1548
6,64,219437,4470,Funny Vines April 2022 (Part 2) TBT Clean Vine,"New TBT Vine with the Best Clean Vines of April

Subscribe to CooL Vines ► http://goo.gl/AO95W6",CooL Vines,Funny Vines Vine Vines best vines new vines April vines tbt vines clean vines vines April 2022,Entertainment,1043
7,196,1099620,15219,Funny Vines February 2022 (Part 2) TBT Clean Vine,"New TBT Vine with the Best Clean Vines of February

Subscribe to CooL Vines ► http://goo.gl/AO95W6",CooL Vines,Funny Vines Vine Vines best vines new vines February vines tbt vines clean vines vines February 2022,Entertainment,1325
8,158,522792,9676,Funny Vines February 2022 (Part 1) TBT Clean Vine,"New TBT Vine with the Best Clean Vines of February

Subscribe to CooL Vines ► http://goo.gl/AO95W6",CooL Vines,Funny Vines Vine Vines best vines new vines February vines tbt vines clean vines vines February 2022,Entertainment,1549
9,105,362906,5590,Funny Vines January 2022 (Part 2) TBT Clean Vine,"New TBT Vine with the Best Clean Vines of January

Subscribe to CooL Vines ► http://goo.gl/AO95W6",CooL Vines,Funny Vines Vine Vines best vines new vines January vines tbt vines clean vines vines January 2022 vine compilation,Entertainment,1449
10,66,210527,3883,Funny Vines November 2021 (Part 1) TBT Clean Vine,"New TBT Vine with the Best Clean Vines of November

Subscribe to CooL Vines ► http://goo.gl/AO95W6",CooL Vines,Funny Vines Vine Vines best vines new vines November vines tbt vines clean vines vines November 2021 vine compilation,Entertainment,1364
11,70,248329,4680,Funny Vines October 2021 (Part 2) TBT Clean Vine,"New TBT Vine with the Best Clean Vines of October

Subscribe to CooL Vines ► http://goo.gl/AO95W6",CooL Vines,Funny Vines Vine Vines best vines new vines october vines tbt vines clean vines vines October 2021,Entertainment,1496
13,150,432640,7717,Funny Vines July 2021 (Part 2) TBT Clean Vine,"New TBT Vine with the Best Clean Vines of July

Subscribe to CooL Vines ► http://goo.gl/AO95W6",CooL Vines,Funny Vines Vine Vines best vines new vines july vines tbt vines clean vines vines july 2021,Entertainment,1312
14,115,516533,10159,Funny Vines July 2021 (Part 1) TBT Clean Vine,"New TBT Vine with the Best Clean Vines of July

Subscribe to CooL Vines ► http://goo.gl/AO95W6",CooL Vines,Funny Vines Vine Vines best vines new vines july vines tbt vines clean vines vines july 2021,Entertainment,1249
15,172,742761,12892,Funny Vines June 2021 (Part 1) TBT Clean Vine,"New TBT Vine with the Best Clean Vines of June

Subscribe to CooL Vines ► http://goo.gl/AO95W6",CooL Vines,Funny Vines Vine Vines best vines new vines june vines tbt vines clean vines vines june 2021,Entertainment,1416
16,52,89945,2055,Funny Vines June 2021 (Part 2) TBT Clean Vine,"New TBT Vine with the Best Clean Vines of June

Subscribe to CooL Vines ► http://goo.gl/AO95W6",CooL Vines,Funny Vines Vine Vines best vines new vines june vines tbt vines clean vines vines june 2021,Entertainment,1191
17,266,1626636,19430,Funny Vines May 2021 (Part 2) TBT Clean Vine,"New TBT Vine with the Best Clean Vines of May

Subscribe to CooL Vines ► http://goo.gl/AO95W6",CooL Vines,Funny Vines Vine Vines best vines new vines may vines tbt vines clean vines vines May 2021,Entertainment,1276
18,248,985834,14080,Funny Vines May 2021 (Part 1) TBT Clean Vine,"New TBT Vine with the Best Clean Vines of May

Subscribe to CooL Vines ► http://goo.gl/AO95W6",CooL Vines,Funny Vines Vine Vines best vines new vines may vines tbt vines clean vines vines May 2021,Entertainment,1075
19,47,134933,2794,Funny Vines April 2021 (Part 2) TBT Clean Vine,"New TBT Vine with the Best Clean Vines of April

Subscribe to CooL Vines ► http://goo.gl/AO95W6",CooL Vines,Funny Vines Vine Vines best vines new vines april vines tbt vines clean vines vines april 2021,Entertainment,1108
20,115,281631,4472,Funny Vines April 2021 (Part 1) TBT Clean Vine,"New TBT Vine with the Best Clean Vines of April

Subscribe to CooL Vines ► http://goo.gl/AO95W6",CooL Vines,Funny Vines Vine Vines best vines new vines april vines tbt vines clean vines vines april 2021,Entertainment,1586
21,84,290007,5963,Funny Vines March 2021 (Part 2) TBT Clean Vine,"New TBT Vine with the Best Clean Vines of March

Subscribe to CooL Vines ► http://goo.gl/AO95W6",CooL Vines,Funny Vines Vine Vines best vines new vines March vines tbt vines clean vines vines March 2021,Entertainment,1312
22,384,874678,14781,Funny Vines March 2021 (Part 1) TBT Clean Vine,"New TBT Vine with the Best Clean Vines of March

Subscribe to CooL Vines ► http://goo.gl/AO95W6",CooL Vines,Funny Vines Vine Vines best vines new vines February vines tbt vines clean vines vines March 2021,Entertainment,1377
23,295,1026388,24725,Funny Vines February 2021 (Part 2) TBT Clean Vine,"New TBT Vine with the Best Clean Vines of February

Subscribe to CooL Vines ► http://goo.gl/AO95W6",CooL Vines,Funny Vines Vine Vines best vines new vines February vines tbt vines clean vines vines February 2021,Entertainment,1594
26,328,1493959,17327,Funny Vines December 2020 (Part 2) TBT Clean Vine,"New TBT Vine with the Best Clean Vines of December

Subscribe to CooL Vines ► http://goo.gl/AO95W6",CooL Vines,Funny Vines Vine Vines best vines new vines November vines vines November 2020 tbt vines clean vines,Entertainment,1493
27,100,229966,3653,Funny Vines November 2020 (Part 1) TBT Clean Vine,"New TBT Vine with the Best Clean Vines of November

Subscribe to CooL Vines ► http://goo.gl/AO95W6",CooL Vines,Funny Vines Vine Vines best vines new vines November vines vines November 2020 tbt vines clean vines,Entertainment,1465
28,130,411975,4976,Funny Vines October 2020 (Part 2) TBT Clean Vine,"New TBT Vine with the Best Clean Vines of October

Subscribe to CooL Vines ► http://goo.gl/AO95W6",CooL Vines,Funny Vines Vine Vines best vines new vines october vines vines october 2020 tbt vines clean vines,Entertainment,1556
29,288,623139,9417,Funny Vines October 2020 (Part 1) TBT Clean Vine,"New TBT Vine with the Best Clean Vines of October

Subscribe to CooL Vines ► http://goo.gl/AO95W6",CooL Vines,Funny Vines Vine Vines best vines new vines October Vines Vines October 2020 tbt vines clean vines,Entertainment,1365
30,144,530763,9058,Funny Vines September 2020 (Part 2) TBT Clean Vine,"New TBT Vine with the Best Clean Vines of September

Subscribe to CooL Vines ► http://goo.gl/AO95W6",CooL Vines,Funny Vines Vine Vines best vines new vines September Vines Vines September 2020 tbt vines clean vines,Entertainment,1574
31,129,441466,8276,Funny Vines September 2020 (Part 1) TBT Clean Vine,"New TBT Vine with the Best Clean Vines of August

Subscribe to CooL Vines ► http://goo.gl/AO95W6",CooL Vines,Funny Vines Vine Vines best vines new vines September Vines Vines September 2020 tbt vines clean vines,Entertainment,1411
32,210,450065,7069,Funny Vines August 2020 (Part 1) TBT Clean Vine,"New TBT Vine with the Best Clean Vines of August

Subscribe to CooL Vines ► http://goo.gl/AO95W6",CooL Vines,Funny Vines Vine Vines Vine compilation,Entertainment,1526
33,151,288751,3884,Funny Vines July 2020 (Part 2) TBT Clean Vine,"New TBT Vine with the Best Clean Vines of July 

Subscribe to CooL Vines ► http://goo.gl/AO95W6",CooL Vines,Funny Vines Vine Vines best vines new vines July Vines Vines July 2020 tbt vines clean vines,Entertainment,1421
35,230,199587,3899,Funny Vines June 2020 (Part 2) TBT Clean Vine,"New TBT Vine with the Best Clean Vines of June

Subscribe to CooL Vines ► http://goo.gl/AO95W6",CooL Vines,Funny Vines Vine Vines best vines new vines may vines vines may 2020 tbt vines clean vines,Entertainment,1303
36,327,914336,9644,Funny Vines June 2020 (Part 1) TBT Clean Vine,"New TBT Vine with the Best Clean Vines of June

Subscribe to CooL Vines ► http://goo.gl/AO95W6",CooL Vines,Funny Vines Vine Vines best vines new vines may vines vines may 2020 tbt vines clean vines,Entertainment,1481
40,132,435635,5557,Funny Vines March 2020 (Part 1) TBT Clean Vine,"New TBT Vine with the Best Clean Vines of March

Subscribe to CooL Vines ► http://goo.gl/AO95W6",CooL Vines,Funny Vines Vine Vines best vines new vines march vines vines march 2020 tbt vines clean vines,Entertainment,1381
41,619,2338521,23722,Funny Vines February 2020 (Part 2) TBT Clean Vine,"New TBT Vine with the Best Clean Vines of February

Subscribe to CooL Vines ► http://goo.gl/AO95W6",CooL Vines,Funny Vines Vine Vines best vines new vines february vines vines february 2020 tbt vines clean vines,Entertainment,1564
43,398,2008146,22927,Funny Vines January 2020 (Part 2) TBT Clean Vine,"New TBT Vine with the Best Clean Vines of January

Subscribe to CooL Vines ► http://goo.gl/AO95W6",CooL Vines,Funny Vines Vine Vines best vines new vines january vines vines january 2020 tbt vines clean vines,Entertainment,1664
45,104,388696,3786,Funny Vines December 2019 (Part 2) TBT Clean Vine,"New TBT Vine with the Best Clean Vines of December

Subscribe to CooL Vines ► http://goo.gl/AO95W6",CooL Vines,Funny Vines Vine Vines best vines new vines december vines vines december 2019 tbt vines clean vines,Entertainment,1576
46,197,826838,6332,Funny Vines December 2019 (Part 1) TBT Clean Vine,"New TBT Vine with the Best Clean Vines of December

Subscribe to CooL Vines ► http://goo.gl/AO95W6",CooL Vines,Funny Vines Vine Vines best vines new vines december vines vines december 2019 tbt vines clean vines,Entertainment,1566
47,191,655150,5954,Funny Vines November 2019 (Part 2) TBT Clean Vine,"New TBT Vine with the Best Clean Vines of November

Subscribe to CooL Vines ► http://goo.gl/AO95W6",CooL Vines,Funny Vines Vine Vines best vines new vines november vines vines november 2019 tbt vines clean vines,Entertainment,1538
48,287,1657552,22708,Funny Vines November 2019 (Part 1) TBT Clean Vine,"New TBT Vine with the Best Clean Vines of November

Subscribe to CooL Vines ► http://goo.gl/AO95W6",CooL Vines,Funny Vines Vine Vines best vines new vines november vines vines november 2019 tbt vines clean vines,Entertainment,1591
49,402,2875359,31267,Funny Vines October 2019 (Part 2) TBT Clean Vine,"New TBT Vine with the Best Clean Vines of October

Subscribe to CooL Vines ► http://goo.gl/AO95W6",CooL Vines,Funny Vines Vine Vines best vines new vines october vines vines october 2019 tbt vines clean vines,Entertainment,1603
50,429,2195702,14731,Funny Vines October 2019 (Part 1) TBT Clean Vine,"New TBT Vine with the Best Clean Vines of October

Subscribe to CooL Vines ► http://goo.gl/AO95W6",CooL Vines,Funny Vines Vine Vines best vines new vines september vines vines september 2019 tbt vines clean vines,Entertainment,1405
51,475,5030945,32350,Funny Vines September 2019 (Part 2) TBT Clean Vine,"New TBT Vine with the Best Clean Vines of September

Subscribe to CooL Vines ► http://goo.gl/AO95W6",CooL Vines,Funny Vines Vine Vines best vines new vines september vines vines september 2019 tbt vines clean vines,Entertainment,1596
52,503,1639167,25672,Funny Vines September 2019 (Part 1) TBT Clean Vine,"New TBT Vine with the Best Clean Vines of September

Subscribe to CooL Vines ► http://goo.gl/AO95W6",CooL Vines,Funny Vines Vine Vines best vines new vines vines 2019 september vines vine september 2019 tbt vines clean vines,Entertainment,1487
53,180,1685742,12614,Funny Vines August 2019 (Part 2) TBT Clean Vine,"New TBT Vine with the Best Clean Vines of August

Subscribe to CooL Vines ► http://goo.gl/AO95W6",CooL Vines,Funny Vines Vine Vines best vines new vines vines 2019 august vines vine august 2019 tbt vines clean vines,Entertainment,1261
55,1400,12531889,100646,Funny Vines July 2019 (Part 2) TBT Clean Vine,"New TBT Vine with the Best Clean Vines of July

Subscribe to CooL Vines ► http://goo.gl/AO95W6",CooL Vines,Funny Vines Vine Vines best vines new vines vines 2019 july vines vines july 2019 tbt vines clean vines,Entertainment,1443
56,201,2005820,24339,Funny Vines July 2019 (Part 1) TBT Clean Vine,"New TBT Vine with the Best Clean Vines of May

Subscribe to CooL Vines ► http://goo.gl/AO95W6",CooL Vines,Funny Vines Vine Vines best vines new vines vines 2019 july vines vines july 2019 tbt vines clean vines,Entertainment,1033
57,157,1139662,9800,Funny Vines June 2019 (Part 2) TBT Clean Vine,"New TBT Vine with the Best Clean Vines of May

Subscribe to CooL Vines ► http://goo.gl/AO95W6",CooL Vines,Funny Vines Vine Vines best vines new vines vines 2019 june vines vines june 2019 tbt vines clean vines,Entertainment,1448
58,85,510857,3971,Funny Vines June 2019 (Part 1) TBT Clean Vine,"New TBT Vine with the Best Clean Vines of May

Subscribe to CooL Vines ► http://goo.gl/AO95W6",CooL Vines,Funny Vines Vine Vines best vines new vines vines 2019 june vines vines june 2019 tbt vines clean vines,Entertainment,1176
59,200,1252034,17481,Funny Vines May 2019 (Part 2) TBT Clean Vine,"New TBT Vine with the Best Clean Vines of May

Subscribe to CooL Vines ► http://goo.gl/AO95W6",CooL Vines,Funny Vines Vine Vines best vines new vines vines 2019 may vines vines may 2019 tbt vines clean vines,Entertainment,1181
60,128,535244,4222,Funny Vines May 2019 (Part 1) TBT Clean Vine,"New TBT Vine with the Best Clean Vines of May

Subscribe to CooL Vines ► http://goo.gl/AO95W6",CooL Vines,Funny Vines Vine Vines best vines new vines vines 2019 may vines vines may 2019 tbt vines clean vines,Entertainment,843
61,39,187944,1696,Funny Vines April 2019 (Part 2) TBT Clean Vine,"New TBT Vine with the Best Clean Vines of April

Subscribe to CooL Vines ► http://goo.gl/AO95W6",CooL Vines,Funny Vines Vine Vines best vines new vines vines 2019 april vines vines april 2019 tbt vines clean vines,Entertainment,805
62,206,1654971,15297,Funny Vines April 2019 (Part 1) TBT Clean Vine,"New TBT Vine with the Best Clean Vines of April

Subscribe to CooL Vines ► http://goo.gl/AO95W6",CooL Vines,Funny Vines Vine Vines Clean Vines best vines new vines vines 2019 april vines vines april 2019 tbt vines,Entertainment,871
63,70,290044,2757,Funny Vines March 2019 (Part 3) TBT Clean Vine,"New TBT Vine with the Best Vines of March

Subscribe to CooL Vines ► http://goo.gl/AO95W6",CooL Vines,Funny Vines Vine Vines Clean Vines best vines new vines vines 2019 vines march 2019 march vines tbt vines,Entertainment,842
64,172,780033,7688,Funny Vines March 2019 (Part 2) TBT Vine compilation,"New TBT Vine compilation with the Best Vines of March

Subscribe to CooL Vines ► http://goo.gl/AO95W6",CooL Vines,Funny Vines Vine Vines Vine compilation best vines new vines vines 2019 vines march 2019 march vines tbt vines,Entertainment,1165
65,123,601477,5649,Funny Vines March 2019 (Part 1) TBT Vine compilation,"New TBT Vine compilation with the Best Vines of March

Subscribe to CooL Vines ► http://goo.gl/AO95W6",CooL Vines,Funny Vines Vine Vines Vine compilation best vines new vines vines 2019 vines march 2019 march vines tbt vines,Entertainment,921
66,128,821991,7148,Funny Vines February 2019 (Part 2) TBT Vine compilation,"New TBT Vine compilation with the Best Vines of February

Subscribe to CooL Vines ► http://goo.gl/AO95W6",CooL Vines,Funny Vines Vine Vines Vine compilation best vines new vines vines 2019 vines february 2019 february vines tbt vines,Entertainment,964
67,356,1868128,21503,Funny Vines January 2019 (Part 2) TBT Vine compilation,"New TBT Vine compilation with the Best Vines of January 2016

Subscribe to CooL Vines ► http://goo.gl/AO95W6",CooL Vines,Funny Vines Vine Vines Vine compilation best vines new vines vines 2019 vines january 2019 january vines tbt vines,Entertainment,1801
68,861,4097561,24511,Funny Vines January 2019 (Part 1) TBT Vine compilation,"New TBT Vine compilation with the Best Vines of January 2016

Subscribe to CooL Vines ► http://goo.gl/AO95W6",CooL Vines,Funny Vines Vine Vines Vine compilation best vines new vines vines 2019 vines january 2019 january vines tbt vines,Entertainment,1686
69,263,1539933,13628,Funny Vines December 2018 (Part 1) TBT Vine compilation,"New TBT Vine compilation with the Best Vines of December 2016

Subscribe to CooL Vines ► http://goo.gl/AO95W6",CooL Vines,Funny Vines Vine Vines Vine compilation best vines new vines vines 2018 vines december 2018 december vines tbt vines,Entertainment,1804
70,455,2620169,15007,Funny Vines November 2018 (Part 2) TBT Vine compilation,"New TBT Vine compilation with the Best Vines of November 2016

Subscribe to CooL Vines ► http://goo.gl/AO95W6",CooL Vines,Funny Vines Vine Vines Vine compilation best vines new vines vines 2018 vines november 2018 november vines tbt vines,Entertainment,1684
71,422,1987367,16975,Funny Vines November 2018 (Part 1) TBT Vine compilation,"New TBT Vine compilation with the Best Vines of October 2016

Subscribe to CooL Vines ► http://goo.gl/AO95W6",CooL Vines,Funny Vines Vine Vines Vine compilation best vines new vines vines 2018 vines november 2018 november vines tbt vines,Entertainment,1801
72,582,4355156,44226,Funny Vines October 2018 (Part 2) TBT Vine compilation,"New TBT Vine compilation with the Best Vines of October 2016

Subscribe to CooL Vines ► http://goo.gl/AO95W6",CooL Vines,Funny Vines Vine Vines Vine compilation best vines new vines vines 2018 vines october 2018 october vines tbt vines,Entertainment,1625
73,1000,4984328,34571,Funny Vines October 2018 (Part 1) TBT Vine compilation,"New TBT Vine compilation with the Best Vines of October 2016

Subscribe to CooL Vines ► http://goo.gl/AO95W6",CooL Vines,Funny Vines Vine Vines Vine compilation best vines new vines vines 2018 vines october 2018 october vines,Entertainment,1827
74,1100,8335393,58164,Funny Vines September 2018 (Part 2) TBT Vine compilation,"New TBT Vine compilation with the Best Vines of September 2016

Subscribe to CooL Vines ► http://goo.gl/AO95W6",CooL Vines,Funny Vines Vine Vines Vine compilation best vines new vines vines 2018 vines september 2018 september vines,Entertainment,1723
75,302,1171488,19369,Funny Vines September 2018 (Part 1) TBT Vine compilation,"New TBT Vine compilation with the Best Vines of September 2016

Subscribe to CooL Vines ► http://goo.gl/AO95W6",CooL Vines,Funny Vines Vine Vines Vine compilation best vines new vines vines 2018 vines september 2018 september vines tbt vines,Entertainment,1695
76,1000,2358362,23243,Funny Vines August 2018 (Part 2) TBT Vine compilation,"New TBT Vine compilation with the Best Vines of August 2016

Subscribe to CooL Vines ► http://goo.gl/AO95W6",CooL Vines,Funny Vines Vine Vines Vine compilation best vines new vines vines 2018 vines august 2018 august vines tbt vines,Entertainment,1842
77,5700,36570330,358658,Funny Vines August 2018 (Part 1) TBT Vine compilation,"New TBT Vine compilation with the Best Vines of July 2016

Subscribe to CooL Vines ► http://goo.gl/AO95W6",CooL Vines,Funny Vines Vine Vines Vine compilation best vines new vines vines 2018 vines august 2018 august vines tbt vines,Entertainment,1804
78,1100,6087510,36341,Funny Vines July 2018 (Part 2) TBT Vine compilation,"New TBT Vine compilation with the Best Vines of July 2016

Subscribe to CooL Vines ► http://goo.gl/AO95W6",CooL Vines,Funny Vines Vine Vines Vine compilation best vines new vines vines 2018 vines july 2018 july vines tbt vines,Entertainment,1591
79,885,6285754,58732,Funny Vines July 2018 (Part 1) TBT Vine compilation,"New TBT Vine compilation with the Best Vines of July 2016

Subscribe to CooL Vines ► http://goo.gl/AO95W6",CooL Vines,Funny Vines Vine Vines Vine compilation best vines vines 2018 vines july 2018 july vines tbt vines new vines,Entertainment,1716
80,308,1419855,14658,Funny Vines June 2018 (Part 2) TBT Vine compilation,"New TBT Vine compilation with the Best Vines of June 2016

Subscribe to CooL Vines ► http://goo.gl/AO95W6",CooL Vines,Funny Vines Vine Vines Vine compilation best vines new vines vines 2018 vines june 2018 june vines tbt vines,Entertainment,1822
81,4100,19496609,209560,Funny Vines June 2018 (Part 1) TBT Vine compilation,"New TBT Vine compilation with the Best Vines of June 2016

Subscribe to CooL Vines ► http://goo.gl/AO95W6",CooL Vines,Funny Vines Vine Vines Vine compilation best vines new vines vines 2018 vines june 2018 june vines tbt vines,Entertainment,1805
82,395,2020542,16293,Funny Vines March 2018 (Part 2) TBT Vine compilation,"New TBT Vine compilation with the Best Vines of March 2016

Subscribe to CooL Vines ► http://goo.gl/AO95W6",CooL Vines,Funny Vines Vine Vines Vine compilation best vines new vines vines 2018 vines march 2018 march vines tbt vines,Entertainment,1689
83,374,2076238,13410,Funny Vines February 2018 (Part 1) TBT Vine compilation,"New TBT Vine compilation with the Best Vines of February 2016

Subscribe to CooL Vines ► http://goo.gl/AO95W6",CooL Vines,Funny Vines Vine Vines Vine compilation best vines new vines vines 2018 vines february 2018 february vines tbt vines,Entertainment,1808
84,1500,6301109,42797,Funny Vines January 2018 (Part 2) TBT Vine compilation,"New TBT Vine compilation with the Best Vines of January 2016

Subscribe to CooL Vines ► http://goo.gl/AO95W6",CooL Vines,Funny Vines Vine Vines Vine compilation best vines new vines vines 2018 vines january 2018 january vines tbt vines,Entertainment,1725
85,1500,7773160,63218,Funny Vines December 2017 (Part 2) TBT Vine compilation,"New TBT Vine compilation with the Best Vines of December 2016

Subscribe to CooL Vines ► http://goo.gl/AO95W6",CooL Vines,Funny Vines Vine Vines Vine compilation best vines new vines vines 2017 vines december 2017 december vines tbt vines,Entertainment,1847
86,725,4481727,38834,Funny Vines December 2017 (Part 1) TBT Vine compilation,"New TBT Vine compilation with the Best Vines of December 2016

Subscribe to CooL Vines ► http://goo.gl/AO95W6",CooL Vines,Funny Vines Vine Vines Vine compilation best vines new vines vines 2017 vines december 2017 december vines tbt vines,Entertainment,1746
87,881,5726259,38332,Funny Vines November 2017 (Part 2) TBT Vine compilation,"New TBT Vine compilation with the Best Vines of November 2016

Subscribe to CooL Vines ► http://goo.gl/AO95W6",CooL Vines,Funny Vines Vine Vines Vine compilation best vines new vines vines 2017 vines november 2017 november vines tbt vines,Entertainment,1847
88,1400,6339792,36124,Funny Vines October 2017 (Part 2) TBT Vine compilation,"New TBT Vine compilation with the Best Vines of October 2016

Subscribe to CooL Vines ► http://goo.gl/AO95W6",CooL Vines,Funny Vines Vine Vines Vine compilation best vines new vines vines 2017 vines october 2017 october vines tbt vines,Entertainment,1716
89,908,4015565,35170,Funny Vines October 2017 (Part 1) TBT Vine compilation,"New TBT Vine compilation with the Best Vines of October 2016

Subscribe to CooL Vines ► http://goo.gl/AO95W6",CooL Vines,Funny Vines Vine Vines Vine compilation best vines new vines vines 2017 vines october 2017 october vines tbt vines,Entertainment,1842
90,3800,15565484,109438,Funny Vines September 2017 (Part 2) TBT Vine compilation,"New TBT Vine compilation with the Best Vines of September 2016

Subscribe to CooL Vines ► http://goo.gl/AO95W6",CooL Vines,Funny Vines Vine Vines Vine compilation best vines new vines vines 2017 vines september 2017 september vines tbt vines,Entertainment,1025
91,1000,5048858,41905,Funny Vines September 2017 (Part 1) TBT Vine compilation,"New TBT Vine compilation with the Best Vines of September 2016

Subscribe to CooL Vines ► http://goo.gl/AO95W6",CooL Vines,Funny Vines Vine Vines Vine compilation best vines new vines vines 2017 vines september 2017 september vines tbt vines,Entertainment,1833
92,983,3434822,25883,Funny Vines July 2017 (Part 1) TBT Vine compilation,"New TBT Vine compilation with the Best Vines of July 2016

Subscribe to CooL Vines ► http://goo.gl/AO95W6",CooL Vines,Funny Vines Vine Vines Vine compilation best vines new vines vines 2017 vines july 2017 july vines tbt vines,Entertainment,1635
93,1500,8732430,46567,Funny Vines June 2017 (Part 1) TBT Vine compilation,"New TBT Vine compilation with the Best Vines of June 2016

Subscribe to CooL Vines ► http://goo.gl/AO95W6",CooL Vines,Funny Vines Vine Vines Vine compilation best vines new vines vines 2017 vines june 2017 june vines tbt vines,Entertainment,1823
94,1100,7197786,41175,Funny Vines May 2017 (Part 2) TBT Vine compilation,"New TBT Vine compilation with the Best Vines of May 2016

Subscribe to CooL Vines ► http://goo.gl/AO95W6",CooL Vines,Funny Vines Vine Vines Vine compilation best vines new vines vines 2017 vines may 2017 may vines tbt vines,Entertainment,1937
95,953,4809984,45760,Funny Vines May 2017 (Part 1) TBT Vine compilation,"New TBT Vine compilation with the Best Vines of May 2016

Subscribe to CooL Vines ► http://goo.gl/AO95W6",CooL Vines,Funny Vines Vine Vines Vine compilation best vines new vines vines 2017 vines may 2017 may vines tbt vines,Entertainment,1685
96,163,397439,9785,Funny Vines September 2021 (Part 2) TBT Clean Vine,"New TBT Vine with the Best Clean Vines of September

Subscribe to CooL Vines ► http://goo.gl/AO95W6",CooL Vines,Funny Vines Vine Vines best vines new vines september vines tbt vines clean vines vines September 2021,Entertainment,1403
97,180,305977,4294,Funny Vines November 2021 (Part 2) TBT Clean Vine,"New TBT Vine with the Best Clean Vines of November

Subscribe to CooL Vines ► http://goo.gl/AO95W6",CooL Vines,Funny Vines Vine Vines best vines new vines November vines tbt vines clean vines vines November 2021 vine compilation,Entertainment,1409
98,51,145378,3004,Funny Vines December 2021 (Part 1) TBT Clean Vine,"New TBT Vine with the Best Clean Vines of December

Subscribe to CooL Vines ► http://goo.gl/AO95W6",CooL Vines,Funny Vines Vine Vines best vines new vines December vines tbt vines clean vines vines December 2021 vine compilation,Entertainment,1401
99,137,305434,6937,Funny Vines December 2021 (Part 2) TBT Clean Vine,"New TBT Vine with the Best Clean Vines of December

Subscribe to CooL Vines ► http://goo.gl/AO95W6",CooL Vines,Funny Vines Vine Vines best vines new vines December vines tbt vines clean vines vines December 2021 vine compilation,Entertainment,1416
100,156,429761,6225,Funny Vines January 2022 (Part 1) TBT Clean Vine,"New TBT Vine with the Best Clean Vines of January

Subscribe to CooL Vines ► http://goo.gl/AO95W6",CooL Vines,Funny Vines Vine Vines best vines new vines January vines tbt vines clean vines vines January 2022 vine compilation,Entertainment,1388
101,69,225961,4799,Funny Vines May 2022 (Part 1) TBT Clean Vine,"New TBT Vine with the Best Clean Vines of May

Subscribe to CooL Vines ► http://goo.gl/AO95W6",CooL Vines,Funny Vines Vine Vines best vines new vines May vines tbt vines clean vines vines May 2022,Entertainment,983
102,61,171451,2599,Funny Vines May 2022 (Part 2) TBT Clean Vine,"New TBT Vine with the Best Clean Vines of May

Subscribe to CooL Vines ► http://goo.gl/AO95W6",CooL Vines,Funny Vines Vine Vines best vines new vines May vines tbt vines clean vines vines May 2022,Entertainment,1255
103,57,140827,3225,Funny Vines June 2022 (Part 1) TBT Clean Vine,"New TBT Vine with the Best Clean Vines of June

Subscribe to CooL Vines ► http://goo.gl/AO95W6",CooL Vines,Funny Vines Vine Vines best vines new vines June vines tbt vines clean vines vines June 2022,Entertainment,1302
104,34,76481,1694,Funny Vines June 2022 (Part 2) TBT Clean Vine,"New TBT Vine with the Best Clean Vines of June

Subscribe to CooL Vines ► http://goo.gl/AO95W6",CooL Vines,Funny Vines Vine Vines best vines new vines June vines tbt vines clean vines vines June 2022,Entertainment,1096
105,44,116604,2713,Funny Vines July 2022 (Part 1) TBT Clean Vine,"New TBT Vine with the Best Clean Vines of July

Subscribe to CooL Vines ► http://goo.gl/AO95W6",CooL Vines,Funny Vines Vine Vines best vines new vines July vines tbt vines clean vines vines July 2022,Entertainment,1136
106,78,263099,4421,Funny Vines August 2022 (Part 1) TBT Clean Vine,"New TBT Vine with the Best Clean Vines of August

Subscribe to CooL Vines ► http://goo.gl/AO95W6",CooL Vines,Funny Vines Vine Vines best vines new vines August vines tbt vines clean vines vines August 2022,Entertainment,1270
107,66,225745,4430,Funny Vines August 2022 (Part 2) TBT Clean Vine,"New TBT Vine with the Best Clean Vines of August

Subscribe to CooL Vines ► http://goo.gl/AO95W6",CooL Vines,Funny Vines Vine Vines best vines new vines August vines tbt vines clean vines vines August 2022,Entertainment,1286
108,40,134085,2666,Funny Vines September 2022 (Part 1) TBT Clean Vine,"New TBT Vine with the Best Clean Vines of September

Subscribe to CooL Vines ► http://goo.gl/AO95W6",CooL Vines,Funny Vines Vine Vines best vines new vines September vines tbt vines clean vines vines September 2022,Entertainment,1389
109,70,217426,3363,Funny Vines September 2022 (Part 2) TBT Clean Vine,"New TBT Vine with the Best Clean Vines of September

Subscribe to CooL Vines ► http://goo.gl/AO95W6",CooL Vines,Funny Vines Vine Vines best vines new vines September vines tbt vines clean vines vines September 2022,Entertainment,1364
110,56,216583,3797,Funny Vines October 2022 (Part 1) TBT Clean Vine,"New TBT Vine with the Best Clean Vines of October

Subscribe to CooL Vines ► http://goo.gl/AO95W6",CooL Vines,Funny Vines Vine Vines best vines new vines October vines tbt vines clean vines vines October 2022,Entertainment,1235
111,54,303484,3572,Funny Vines October 2022 (Part 2) TBT Clean Vine,"New TBT Vine with the Best Clean Vines of October

Subscribe to CooL Vines ► http://goo.gl/AO95W6",CooL Vines,Funny Vines Vine Vines best vines new vines October vines tbt vines clean vines vines October 2022,Entertainment,1498
112,39,117019,1807,Funny Vines November 2022 (Part 1) TBT Clean Vine,"New TBT Vine with the Best Clean Vines of November

Subscribe to CooL Vines ► http://goo.gl/AO95W6",CooL Vines,Funny Vines Vine Vines best vines new vines November vines tbt vines clean vines vines November 2022,Entertainment,1358
113,130,1183831,11303,Funny Vines December 2022 (Part 1) TBT Clean Vine,"New TBT Vine with the Best Clean Vines of December

Subscribe to CooL Vines ► http://goo.gl/AO95W6",CooL Vines,Funny Vines Vine Vines best vines new vines December vines tbt vines clean vines vines December 2022,Entertainment,1388
114,233,716497,7203,Funny Vines January 2023 (Part 1) TBT Clean Vine,"New TBT Vine with the Best Clean Vines of January

Subscribe to CooL Vines ► http://goo.gl/AO95W6",CooL Vines,Funny Vines Vine Vines best vines new vines January vines tbt vines clean vines vines January 2022,Entertainment,1422
115,56,157973,2252,Funny Vines January 2023 (Part 2) TBT Clean Vine,"New TBT Vine with the Best Clean Vines of January

Subscribe to CooL Vines ► http://goo.gl/AO95W6",CooL Vines,Funny Vines Vine Vines best vines new vines January vines tbt vines clean vines vines January 2023,Entertainment,1442
116,40,100943,1947,Funny Vines February 2023 (Part 1) TBT Clean Vine,"New TBT Vine with the Best Clean Vines of February

Subscribe to CooL Vines ► http://goo.gl/AO95W6",CooL Vines,Funny Vines Vine Vines best vines new vines February vines tbt vines clean vines vines February 2023,Entertainment,1530
117,57,148860,2612,Funny Vines March 2023 (Part 1) TBT Clean Vine,"New TBT Vine with the Best Clean Vines of March

Subscribe to CooL Vines ► http://goo.gl/AO95W6",CooL Vines,Funny Vines Vine Vines best vines new vines March vines tbt vines clean vines vines March 2023,Entertainment,1248
118,30,66087,1161,Funny Vines March 2023 (Part 2) TBT Clean Vine,"New TBT Vine with the Best Clean Vines of March

Subscribe to CooL Vines ► http://goo.gl/AO95W6",CooL Vines,Funny Vines Vine Vines best vines new vines March vines tbt vines clean vines vines March 2023,Entertainment,1535
119,35,202944,2465,Funny Vines April 2023 (Part 2) TBT Clean Vine,"New TBT Vine with the Best Clean Vines of April

Subscribe to CooL Vines ► http://goo.gl/AO95W6",CooL Vines,Funny Vines Vine Vines best vines new vines April vines tbt vines clean vines vines April 2023,Entertainment,1046
120,119,661647,4855,Funny Vines May 2023 (Part 2) TBT Clean Vine,"New TBT Vine with the Best Clean Vines of May

Subscribe to CooL Vines ► http://goo.gl/AO95W6",CooL Vines,Funny Vines Vine Vines best vines new vines May vines tbt vines clean vines vines May 2023,Entertainment,1261
122,77,180444,2914,Funny Vines September 2023 (Part 1) TBT Clean Vine,"New TBT Vine with the Best Clean Vines of September

Subscribe to CooL Vines ► http://goo.gl/AO95W6",CooL Vines,Funny Vines Vine Vines best vines new vines September vines tbt vines clean vines vines September 2023,Entertainment,1389
123,57,96847,1463,Funny Vines November 2023 (Part 1) TBT Clean Vine,"New TBT Vine with the Best Clean Vines of November

Subscribe to CooL Vines ► http://goo.gl/AO95W6",CooL Vines,Funny Vines Vine Vines best vines new vines November vines tbt vines clean vines vines November 2023,Entertainment,1351
124,58,235189,4388,Funny Vines December 2023 (Part 1) TBT Clean Vine,"New TBT Vine with the Best Clean Vines of December

Subscribe to CooL Vines ► http://goo.gl/AO95W6",CooL Vines,Funny Vines Vine Vines best vines new vines December vines tbt vines clean vines vines December 2023,Entertainment,1370
125,114,477012,4963,Funny Vines December 2023 (Part 2) TBT Clean Vine,"New TBT Vine with the Best Clean Vines of December

Subscribe to CooL Vines ► http://goo.gl/AO95W6",CooL Vines,Funny Vines Vine Vines best vines new vines December vines tbt vines clean vines vines December 2023,Entertainment,1414
126,55,70992,1235,Funny Vines January 2024 (Part 1) TBT Clean Vine,"New TBT Vine with the Best Clean Vines of January

Subscribe to CooL Vines ► http://goo.gl/AO95W6",CooL Vines,Funny Vines Vine Vines best vines new vines january vines tbt vines clean vines vines january 2024,Entertainment,1387
127,21,32160,670,Funny Vines January 2024 (Part 2) TBT Clean Vine,"New TBT Vine with the Best Clean Vines of January

Subscribe to CooL Vines ► http://goo.gl/AO95W6",CooL Vines,Funny Vines Vine Vines best vines new vines january vines tbt vines clean vines vines january 2024,Entertainment,1442
128,41,57909,1060,Funny Vines February 2024 (Part 2) TBT Clean Vine,"New TBT Vine with the Best Clean Vines of February

Subscribe to CooL Vines ► http://goo.gl/AO95W6",CooL Vines,Funny Vines Vine Vines best vines new vines February vines tbt vines clean vines vines February 2024,Entertainment,1325
129,66,28379,678,Funny Vines March 2024 (Part 2) TBT Clean Vine,"New TBT Vine with the Best Clean Vines of March

Subscribe to CooL Vines ► http://goo.gl/AO95W6",CooL Vines,Funny Vines Vine Vines best vines new vines march vines tbt vines clean vines vines march 2024,Entertainment,1531
130,202,456887,7570,Funny Vines May 2024 (Part 1) TBT Clean Vine,"New TBT Vine with the Best Clean Vines of May

Subscribe to CooL Vines ► http://goo.gl/AO95W6",CooL Vines,Funny Vines Vine Vines best vines new vines May vines tbt vines clean vines vines may 2024,Entertainment,980
131,28,25906,668,Funny Vines May 2024 (Part 2) TBT Clean Vine,"New TBT Vine with the Best Clean Vines of May

Subscribe to CooL Vines ► http://goo.gl/AO95W6",CooL Vines,Funny Vines Vine Vines best vines new vines May vines tbt vines clean vines vines may 2024,Entertainment,1255
132,13,7239,303,Funny Vines July 2024 (Part 2) TBT Clean Vine,New TBT Vine with the Best Clean Vines of July,CooL Vines,Funny Vines Vine Vines best vines new vines july vines tbt vines clean vines vines july 2024 vines 2024 Funny,Entertainment,1272
133,18,13672,390,Funny Vines August 2024 (Part 2) TBT Clean Vine,New TBT Vine with the Best Clean Vines of August,CooL Vines,Funny Vines Vine Vines best vines new vines july vines tbt vines clean vines vines august 2024 vines 2024 Funny,Entertainment,1302
134,10,5245,258,Funny Vines August 2024 (Part 1) TBT Clean Vine,New TBT Vine with the Best Clean Vines of August,CooL Vines,Funny Vines Vine Vines best vines new vines august vines tbt vines clean vines vines august 2024 vines 2024 Funny,Entertainment,1270
